{"cameraMode":{"drawMode":0,"name":"Shaded","section":"Shading Mode"},"sceneLighting":false,"audioPlay":false,"sceneViewState":{"showFog":true,"showMaterialUpdate":false,"showSkybox":false,"showFlares":true,"showImageEffects":true,"showParticleSystems":true},"in2DMode":false,"pivot":{"x":-0.02492082305252552,"y":0.7997388243675232,"z":0.06115732714533806},"rotation":{"x":-0.5661083459854126,"y":-0.00816271360963583,"z":0.005606289952993393,"w":-0.8242736458778381},"size":12.655179023742676,"orthographic":false}